tahun,topic_id,n_docs,n_total,proporsi,label_topik
2013,0,145,719,0.20166898470097358,Topik_0
2013,1,82,719,0.11404728789986092,Topik_1
2013,2,15,719,0.02086230876216968,Topik_2
2013,3,19,719,0.02642559109874826,Topik_3
2013,4,6,719,0.008344923504867872,Topik_4
2013,5,2,719,0.0027816411682892906,Topik_5
2013,6,16,719,0.022253129346314324,Topik_6
2013,7,12,719,0.016689847009735744,Topik_7
2013,8,20,719,0.027816411682892908,Topik_8
2013,9,15,719,0.02086230876216968,Topik_9
2013,10,6,719,0.008344923504867872,Topik_10
2013,11,14,719,0.019471488178025034,Topik_11
2013,12,1,719,0.0013908205841446453,Topik_12
2013,13,2,719,0.0027816411682892906,Topik_13
2013,14,5,719,0.006954102920723227,Topik_14
2013,15,5,719,0.006954102920723227,Topik_15
2013,16,5,719,0.006954102920723227,Topik_16
2013,17,13,719,0.01808066759388039,Topik_17
2013,18,2,719,0.0027816411682892906,Topik_18
2013,19,5,719,0.006954102920723227,Topik_19
2013,20,15,719,0.02086230876216968,Topik_20
2013,22,98,719,0.13630041724617525,Topik_22
2013,24,3,719,0.004172461752433936,Topik_24
2013,25,5,719,0.006954102920723227,Topik_25
2013,26,3,719,0.004172461752433936,Topik_26
2013,27,1,719,0.0013908205841446453,Topik_27
2013,28,7,719,0.009735744089012517,Topik_28
2013,30,1,719,0.0013908205841446453,Topik_30
2013,31,9,719,0.012517385257301807,Topik_31
2013,32,5,719,0.006954102920723227,Topik_32
2013,33,5,719,0.006954102920723227,Topik_33
2013,34,1,719,0.0013908205841446453,Topik_34
2013,35,8,719,0.011126564673157162,Topik_35
2013,36,1,719,0.0013908205841446453,Topik_36
2013,37,2,719,0.0027816411682892906,Topik_37
2013,39,5,719,0.006954102920723227,Topik_39
2013,41,2,719,0.0027816411682892906,Topik_41
2013,42,9,719,0.012517385257301807,Topik_42
2013,43,2,719,0.0027816411682892906,Topik_43
2013,44,11,719,0.015299026425591099,Topik_44
2013,45,2,719,0.0027816411682892906,Topik_45
2013,46,4,719,0.005563282336578581,Topik_46
2013,47,2,719,0.0027816411682892906,Topik_47
2013,48,2,719,0.0027816411682892906,Topik_48
2013,50,4,719,0.005563282336578581,Topik_50
2013,51,5,719,0.006954102920723227,Topik_51
2013,52,4,719,0.005563282336578581,Topik_52
2013,53,4,719,0.005563282336578581,Topik_53
2013,54,2,719,0.0027816411682892906,Topik_54
2013,55,3,719,0.004172461752433936,Topik_55
2013,56,4,719,0.005563282336578581,Topik_56
2013,59,1,719,0.0013908205841446453,Topik_59
2013,60,6,719,0.008344923504867872,Topik_60
2013,61,2,719,0.0027816411682892906,Topik_61
2013,64,2,719,0.0027816411682892906,Topik_64
2013,65,3,719,0.004172461752433936,Topik_65
2013,66,1,719,0.0013908205841446453,Topik_66
2013,67,9,719,0.012517385257301807,Topik_67
2013,68,3,719,0.004172461752433936,Topik_68
2013,69,2,719,0.0027816411682892906,Topik_69
2013,70,3,719,0.004172461752433936,Topik_70
2013,71,2,719,0.0027816411682892906,Topik_71
2013,73,5,719,0.006954102920723227,Topik_73
2013,74,12,719,0.016689847009735744,Topik_74
2013,75,7,719,0.009735744089012517,Topik_75
2013,76,2,719,0.0027816411682892906,Topik_76
2013,78,2,719,0.0027816411682892906,Topik_78
2013,79,3,719,0.004172461752433936,Topik_79
2013,80,2,719,0.0027816411682892906,Topik_80
2013,81,3,719,0.004172461752433936,Topik_81
2013,86,4,719,0.005563282336578581,Topik_86
2013,87,1,719,0.0013908205841446453,Topik_87
2013,89,1,719,0.0013908205841446453,Topik_89
2013,90,2,719,0.0027816411682892906,Topik_90
2013,93,2,719,0.0027816411682892906,Topik_93
2013,94,3,719,0.004172461752433936,Topik_94
2013,95,1,719,0.0013908205841446453,Topik_95
2013,96,3,719,0.004172461752433936,Topik_96
2013,97,3,719,0.004172461752433936,Topik_97
2013,98,5,719,0.006954102920723227,Topik_98
2013,101,2,719,0.0027816411682892906,Topik_101
2013,102,1,719,0.0013908205841446453,Topik_102
2013,103,1,719,0.0013908205841446453,Topik_103
2013,104,1,719,0.0013908205841446453,Topik_104
2014,0,129,723,0.17842323651452283,Topik_0
2014,1,78,723,0.1078838174273859,Topik_1
2014,2,18,723,0.024896265560165973,Topik_2
2014,3,18,723,0.024896265560165973,Topik_3
2014,4,9,723,0.012448132780082987,Topik_4
2014,5,6,723,0.008298755186721992,Topik_5
2014,6,44,723,0.06085753803596127,Topik_6
2014,7,13,723,0.017980636237897647,Topik_7
2014,8,22,723,0.030428769017980636,Topik_8
2014,9,15,723,0.02074688796680498,Topik_9
2014,10,11,723,0.015214384508990318,Topik_10
2014,11,18,723,0.024896265560165973,Topik_11
2014,12,4,723,0.005532503457814661,Topik_12
2014,13,4,723,0.005532503457814661,Topik_13
2014,14,12,723,0.016597510373443983,Topik_14
2014,15,4,723,0.005532503457814661,Topik_15
2014,16,6,723,0.008298755186721992,Topik_16
2014,17,5,723,0.006915629322268326,Topik_17
2014,19,10,723,0.013831258644536652,Topik_19
2014,20,10,723,0.013831258644536652,Topik_20
2014,21,5,723,0.006915629322268326,Topik_21
2014,22,11,723,0.015214384508990318,Topik_22
2014,24,3,723,0.004149377593360996,Topik_24
2014,25,4,723,0.005532503457814661,Topik_25
2014,26,1,723,0.0013831258644536654,Topik_26
2014,28,6,723,0.008298755186721992,Topik_28
2014,29,6,723,0.008298755186721992,Topik_29
2014,30,5,723,0.006915629322268326,Topik_30
2014,31,15,723,0.02074688796680498,Topik_31
2014,32,12,723,0.016597510373443983,Topik_32
2014,33,15,723,0.02074688796680498,Topik_33
2014,34,7,723,0.009681881051175657,Topik_34
2014,35,6,723,0.008298755186721992,Topik_35
2014,36,1,723,0.0013831258644536654,Topik_36
2014,37,3,723,0.004149377593360996,Topik_37
2014,38,4,723,0.005532503457814661,Topik_38
2014,39,8,723,0.011065006915629323,Topik_39
2014,40,1,723,0.0013831258644536654,Topik_40
2014,41,8,723,0.011065006915629323,Topik_41
2014,42,3,723,0.004149377593360996,Topik_42
2014,43,1,723,0.0013831258644536654,Topik_43
2014,44,11,723,0.015214384508990318,Topik_44
2014,45,1,723,0.0013831258644536654,Topik_45
2014,48,3,723,0.004149377593360996,Topik_48
2014,49,2,723,0.0027662517289073307,Topik_49
2014,50,4,723,0.005532503457814661,Topik_50
2014,51,3,723,0.004149377593360996,Topik_51
2014,52,6,723,0.008298755186721992,Topik_52
2014,53,4,723,0.005532503457814661,Topik_53
2014,54,1,723,0.0013831258644536654,Topik_54
2014,55,1,723,0.0013831258644536654,Topik_55
2014,56,7,723,0.009681881051175657,Topik_56
2014,57,4,723,0.005532503457814661,Topik_57
2014,58,1,723,0.0013831258644536654,Topik_58
2014,59,1,723,0.0013831258644536654,Topik_59
2014,60,1,723,0.0013831258644536654,Topik_60
2014,61,5,723,0.006915629322268326,Topik_61
2014,62,3,723,0.004149377593360996,Topik_62
2014,63,1,723,0.0013831258644536654,Topik_63
2014,64,1,723,0.0013831258644536654,Topik_64
2014,65,2,723,0.0027662517289073307,Topik_65
2014,66,2,723,0.0027662517289073307,Topik_66
2014,67,5,723,0.006915629322268326,Topik_67
2014,68,3,723,0.004149377593360996,Topik_68
2014,69,1,723,0.0013831258644536654,Topik_69
2014,70,5,723,0.006915629322268326,Topik_70
2014,71,1,723,0.0013831258644536654,Topik_71
2014,72,5,723,0.006915629322268326,Topik_72
2014,73,5,723,0.006915629322268326,Topik_73
2014,74,4,723,0.005532503457814661,Topik_74
2014,75,3,723,0.004149377593360996,Topik_75
2014,78,1,723,0.0013831258644536654,Topik_78
2014,79,1,723,0.0013831258644536654,Topik_79
2014,80,5,723,0.006915629322268326,Topik_80
2014,81,7,723,0.009681881051175657,Topik_81
2014,82,1,723,0.0013831258644536654,Topik_82
2014,85,1,723,0.0013831258644536654,Topik_85
2014,86,1,723,0.0013831258644536654,Topik_86
2014,87,1,723,0.0013831258644536654,Topik_87
2014,88,3,723,0.004149377593360996,Topik_88
2014,89,6,723,0.008298755186721992,Topik_89
2014,90,3,723,0.004149377593360996,Topik_90
2014,93,2,723,0.0027662517289073307,Topik_93
2014,94,2,723,0.0027662517289073307,Topik_94
2014,95,5,723,0.006915629322268326,Topik_95
2014,96,6,723,0.008298755186721992,Topik_96
2014,97,2,723,0.0027662517289073307,Topik_97
2014,98,2,723,0.0027662517289073307,Topik_98
2014,99,3,723,0.004149377593360996,Topik_99
2014,100,1,723,0.0013831258644536654,Topik_100
2014,101,1,723,0.0013831258644536654,Topik_101
2014,102,6,723,0.008298755186721992,Topik_102
2014,104,1,723,0.0013831258644536654,Topik_104
2014,105,5,723,0.006915629322268326,Topik_105
2015,0,114,602,0.1893687707641196,Topik_0
2015,1,33,602,0.054817275747508304,Topik_1
2015,2,31,602,0.05149501661129568,Topik_2
2015,3,8,602,0.013289036544850499,Topik_3
2015,4,12,602,0.019933554817275746,Topik_4
2015,5,4,602,0.006644518272425249,Topik_5
2015,6,18,602,0.029900332225913623,Topik_6
2015,7,11,602,0.018272425249169437,Topik_7
2015,8,21,602,0.03488372093023256,Topik_8
2015,9,8,602,0.013289036544850499,Topik_9
2015,10,16,602,0.026578073089700997,Topik_10
2015,11,5,602,0.008305647840531562,Topik_11
2015,12,11,602,0.018272425249169437,Topik_12
2015,13,4,602,0.006644518272425249,Topik_13
2015,14,12,602,0.019933554817275746,Topik_14
2015,15,6,602,0.009966777408637873,Topik_15
2015,16,15,602,0.024916943521594685,Topik_16
2015,17,2,602,0.0033222591362126247,Topik_17
2015,18,1,602,0.0016611295681063123,Topik_18
2015,19,5,602,0.008305647840531562,Topik_19
2015,20,6,602,0.009966777408637873,Topik_20
2015,21,4,602,0.006644518272425249,Topik_21
2015,22,1,602,0.0016611295681063123,Topik_22
2015,23,1,602,0.0016611295681063123,Topik_23
2015,24,2,602,0.0033222591362126247,Topik_24
2015,25,1,602,0.0016611295681063123,Topik_25
2015,26,4,602,0.006644518272425249,Topik_26
2015,27,6,602,0.009966777408637873,Topik_27
2015,28,4,602,0.006644518272425249,Topik_28
2015,29,16,602,0.026578073089700997,Topik_29
2015,30,4,602,0.006644518272425249,Topik_30
2015,31,11,602,0.018272425249169437,Topik_31
2015,32,5,602,0.008305647840531562,Topik_32
2015,33,4,602,0.006644518272425249,Topik_33
2015,34,10,602,0.016611295681063124,Topik_34
2015,35,10,602,0.016611295681063124,Topik_35
2015,37,2,602,0.0033222591362126247,Topik_37
2015,38,3,602,0.0049833887043189366,Topik_38
2015,39,5,602,0.008305647840531562,Topik_39
2015,40,2,602,0.0033222591362126247,Topik_40
2015,41,6,602,0.009966777408637873,Topik_41
2015,42,6,602,0.009966777408637873,Topik_42
2015,43,4,602,0.006644518272425249,Topik_43
2015,44,8,602,0.013289036544850499,Topik_44
2015,45,1,602,0.0016611295681063123,Topik_45
2015,46,3,602,0.0049833887043189366,Topik_46
2015,47,5,602,0.008305647840531562,Topik_47
2015,48,4,602,0.006644518272425249,Topik_48
2015,49,3,602,0.0049833887043189366,Topik_49
2015,50,3,602,0.0049833887043189366,Topik_50
2015,51,6,602,0.009966777408637873,Topik_51
2015,52,11,602,0.018272425249169437,Topik_52
2015,53,3,602,0.0049833887043189366,Topik_53
2015,54,4,602,0.006644518272425249,Topik_54
2015,55,3,602,0.0049833887043189366,Topik_55
2015,56,9,602,0.014950166112956811,Topik_56
2015,57,4,602,0.006644518272425249,Topik_57
2015,58,7,602,0.011627906976744186,Topik_58
2015,60,2,602,0.0033222591362126247,Topik_60
2015,64,1,602,0.0016611295681063123,Topik_64
2015,65,1,602,0.0016611295681063123,Topik_65
2015,66,2,602,0.0033222591362126247,Topik_66
2015,67,4,602,0.006644518272425249,Topik_67
2015,68,1,602,0.0016611295681063123,Topik_68
2015,69,4,602,0.006644518272425249,Topik_69
2015,70,1,602,0.0016611295681063123,Topik_70
2015,71,3,602,0.0049833887043189366,Topik_71
2015,72,1,602,0.0016611295681063123,Topik_72
2015,73,5,602,0.008305647840531562,Topik_73
2015,75,4,602,0.006644518272425249,Topik_75
2015,76,1,602,0.0016611295681063123,Topik_76
2015,77,1,602,0.0016611295681063123,Topik_77
2015,78,2,602,0.0033222591362126247,Topik_78
2015,81,3,602,0.0049833887043189366,Topik_81
2015,82,1,602,0.0016611295681063123,Topik_82
2015,86,1,602,0.0016611295681063123,Topik_86
2015,88,9,602,0.014950166112956811,Topik_88
2015,89,2,602,0.0033222591362126247,Topik_89
2015,90,1,602,0.0016611295681063123,Topik_90
2015,91,1,602,0.0016611295681063123,Topik_91
2015,93,3,602,0.0049833887043189366,Topik_93
2015,94,3,602,0.0049833887043189366,Topik_94
2015,96,2,602,0.0033222591362126247,Topik_96
2015,97,2,602,0.0033222591362126247,Topik_97
2015,98,3,602,0.0049833887043189366,Topik_98
2015,99,3,602,0.0049833887043189366,Topik_99
2015,100,2,602,0.0033222591362126247,Topik_100
2015,102,2,602,0.0033222591362126247,Topik_102
2015,103,2,602,0.0033222591362126247,Topik_103
2015,104,1,602,0.0016611295681063123,Topik_104
2016,0,144,881,0.16345062429057888,Topik_0
2016,1,36,881,0.04086265607264472,Topik_1
2016,2,57,881,0.06469920544835414,Topik_2
2016,3,35,881,0.039727582292849034,Topik_3
2016,4,15,881,0.0170261066969353,Topik_4
2016,5,13,881,0.014755959137343927,Topik_5
2016,6,22,881,0.024971623155505107,Topik_6
2016,7,8,881,0.009080590238365494,Topik_7
2016,8,16,881,0.018161180476730987,Topik_8
2016,9,13,881,0.014755959137343927,Topik_9
2016,10,19,881,0.021566401816118047,Topik_10
2016,11,11,881,0.012485811577752554,Topik_11
2016,12,14,881,0.015891032917139614,Topik_12
2016,13,12,881,0.01362088535754824,Topik_13
2016,14,20,881,0.022701475595913734,Topik_14
2016,15,15,881,0.0170261066969353,Topik_15
2016,16,10,881,0.011350737797956867,Topik_16
2016,17,8,881,0.009080590238365494,Topik_17
2016,18,7,881,0.007945516458569807,Topik_18
2016,19,10,881,0.011350737797956867,Topik_19
2016,20,8,881,0.009080590238365494,Topik_20
2016,21,8,881,0.009080590238365494,Topik_21
2016,24,4,881,0.004540295119182747,Topik_24
2016,25,8,881,0.009080590238365494,Topik_25
2016,26,6,881,0.00681044267877412,Topik_26
2016,27,11,881,0.012485811577752554,Topik_27
2016,28,2,881,0.0022701475595913734,Topik_28
2016,29,12,881,0.01362088535754824,Topik_29
2016,30,3,881,0.00340522133938706,Topik_30
2016,31,13,881,0.014755959137343927,Topik_31
2016,32,19,881,0.021566401816118047,Topik_32
2016,33,3,881,0.00340522133938706,Topik_33
2016,34,15,881,0.0170261066969353,Topik_34
2016,35,4,881,0.004540295119182747,Topik_35
2016,36,9,881,0.01021566401816118,Topik_36
2016,37,1,881,0.0011350737797956867,Topik_37
2016,38,11,881,0.012485811577752554,Topik_38
2016,39,9,881,0.01021566401816118,Topik_39
2016,40,5,881,0.0056753688989784334,Topik_40
2016,41,14,881,0.015891032917139614,Topik_41
2016,42,1,881,0.0011350737797956867,Topik_42
2016,43,8,881,0.009080590238365494,Topik_43
2016,44,5,881,0.0056753688989784334,Topik_44
2016,45,4,881,0.004540295119182747,Topik_45
2016,46,4,881,0.004540295119182747,Topik_46
2016,47,5,881,0.0056753688989784334,Topik_47
2016,48,13,881,0.014755959137343927,Topik_48
2016,49,7,881,0.007945516458569807,Topik_49
2016,50,2,881,0.0022701475595913734,Topik_50
2016,51,3,881,0.00340522133938706,Topik_51
2016,52,5,881,0.0056753688989784334,Topik_52
2016,53,4,881,0.004540295119182747,Topik_53
2016,54,7,881,0.007945516458569807,Topik_54
2016,55,2,881,0.0022701475595913734,Topik_55
2016,56,8,881,0.009080590238365494,Topik_56
2016,57,9,881,0.01021566401816118,Topik_57
2016,58,10,881,0.011350737797956867,Topik_58
2016,59,1,881,0.0011350737797956867,Topik_59
2016,60,6,881,0.00681044267877412,Topik_60
2016,61,2,881,0.0022701475595913734,Topik_61
2016,62,4,881,0.004540295119182747,Topik_62
2016,63,5,881,0.0056753688989784334,Topik_63
2016,64,2,881,0.0022701475595913734,Topik_64
2016,65,3,881,0.00340522133938706,Topik_65
2016,66,7,881,0.007945516458569807,Topik_66
2016,67,2,881,0.0022701475595913734,Topik_67
2016,68,3,881,0.00340522133938706,Topik_68
2016,69,3,881,0.00340522133938706,Topik_69
2016,70,3,881,0.00340522133938706,Topik_70
2016,71,2,881,0.0022701475595913734,Topik_71
2016,73,4,881,0.004540295119182747,Topik_73
2016,74,2,881,0.0022701475595913734,Topik_74
2016,75,1,881,0.0011350737797956867,Topik_75
2016,76,1,881,0.0011350737797956867,Topik_76
2016,77,5,881,0.0056753688989784334,Topik_77
2016,78,3,881,0.00340522133938706,Topik_78
2016,79,7,881,0.007945516458569807,Topik_79
2016,80,7,881,0.007945516458569807,Topik_80
2016,81,3,881,0.00340522133938706,Topik_81
2016,82,1,881,0.0011350737797956867,Topik_82
2016,83,1,881,0.0011350737797956867,Topik_83
2016,85,3,881,0.00340522133938706,Topik_85
2016,86,1,881,0.0011350737797956867,Topik_86
2016,87,2,881,0.0022701475595913734,Topik_87
2016,88,1,881,0.0011350737797956867,Topik_88
2016,89,3,881,0.00340522133938706,Topik_89
2016,90,11,881,0.012485811577752554,Topik_90
2016,91,2,881,0.0022701475595913734,Topik_91
2016,93,4,881,0.004540295119182747,Topik_93
2016,94,3,881,0.00340522133938706,Topik_94
2016,95,1,881,0.0011350737797956867,Topik_95
2016,97,2,881,0.0022701475595913734,Topik_97
2016,98,3,881,0.00340522133938706,Topik_98
2016,99,4,881,0.004540295119182747,Topik_99
2016,100,2,881,0.0022701475595913734,Topik_100
2016,101,2,881,0.0022701475595913734,Topik_101
2016,102,2,881,0.0022701475595913734,Topik_102
2016,103,1,881,0.0011350737797956867,Topik_103
2016,104,8,881,0.009080590238365494,Topik_104
2016,105,1,881,0.0011350737797956867,Topik_105
2017,0,118,1320,0.0893939393939394,Topik_0
2017,1,42,1320,0.031818181818181815,Topik_1
2017,2,62,1320,0.04696969696969697,Topik_2
2017,3,52,1320,0.03939393939393939,Topik_3
2017,4,27,1320,0.020454545454545454,Topik_4
2017,5,17,1320,0.012878787878787878,Topik_5
2017,6,57,1320,0.04318181818181818,Topik_6
2017,7,14,1320,0.010606060606060607,Topik_7
2017,8,19,1320,0.014393939393939395,Topik_8
2017,9,24,1320,0.01818181818181818,Topik_9
2017,10,18,1320,0.013636363636363636,Topik_10
2017,11,22,1320,0.016666666666666666,Topik_11
2017,12,19,1320,0.014393939393939395,Topik_12
2017,13,19,1320,0.014393939393939395,Topik_13
2017,14,18,1320,0.013636363636363636,Topik_14
2017,15,14,1320,0.010606060606060607,Topik_15
2017,16,18,1320,0.013636363636363636,Topik_16
2017,17,5,1320,0.003787878787878788,Topik_17
2017,18,27,1320,0.020454545454545454,Topik_18
2017,19,17,1320,0.012878787878787878,Topik_19
2017,20,16,1320,0.012121212121212121,Topik_20
2017,21,15,1320,0.011363636363636364,Topik_21
2017,22,1,1320,0.0007575757575757576,Topik_22
2017,24,11,1320,0.008333333333333333,Topik_24
2017,25,7,1320,0.005303030303030303,Topik_25
2017,26,38,1320,0.02878787878787879,Topik_26
2017,27,13,1320,0.009848484848484848,Topik_27
2017,28,9,1320,0.006818181818181818,Topik_28
2017,29,12,1320,0.00909090909090909,Topik_29
2017,30,4,1320,0.0030303030303030303,Topik_30
2017,31,20,1320,0.015151515151515152,Topik_31
2017,32,14,1320,0.010606060606060607,Topik_32
2017,33,10,1320,0.007575757575757576,Topik_33
2017,34,10,1320,0.007575757575757576,Topik_34
2017,35,11,1320,0.008333333333333333,Topik_35
2017,36,12,1320,0.00909090909090909,Topik_36
2017,37,17,1320,0.012878787878787878,Topik_37
2017,38,17,1320,0.012878787878787878,Topik_38
2017,39,9,1320,0.006818181818181818,Topik_39
2017,40,10,1320,0.007575757575757576,Topik_40
2017,41,20,1320,0.015151515151515152,Topik_41
2017,42,15,1320,0.011363636363636364,Topik_42
2017,43,10,1320,0.007575757575757576,Topik_43
2017,44,7,1320,0.005303030303030303,Topik_44
2017,45,10,1320,0.007575757575757576,Topik_45
2017,46,19,1320,0.014393939393939395,Topik_46
2017,47,9,1320,0.006818181818181818,Topik_47
2017,48,16,1320,0.012121212121212121,Topik_48
2017,49,11,1320,0.008333333333333333,Topik_49
2017,50,5,1320,0.003787878787878788,Topik_50
2017,51,5,1320,0.003787878787878788,Topik_51
2017,52,8,1320,0.006060606060606061,Topik_52
2017,53,11,1320,0.008333333333333333,Topik_53
2017,54,5,1320,0.003787878787878788,Topik_54
2017,55,4,1320,0.0030303030303030303,Topik_55
2017,56,3,1320,0.0022727272727272726,Topik_56
2017,57,8,1320,0.006060606060606061,Topik_57
2017,58,8,1320,0.006060606060606061,Topik_58
2017,59,4,1320,0.0030303030303030303,Topik_59
2017,60,9,1320,0.006818181818181818,Topik_60
2017,61,5,1320,0.003787878787878788,Topik_61
2017,62,7,1320,0.005303030303030303,Topik_62
2017,63,9,1320,0.006818181818181818,Topik_63
2017,64,8,1320,0.006060606060606061,Topik_64
2017,65,12,1320,0.00909090909090909,Topik_65
2017,66,5,1320,0.003787878787878788,Topik_66
2017,67,16,1320,0.012121212121212121,Topik_67
2017,68,7,1320,0.005303030303030303,Topik_68
2017,69,3,1320,0.0022727272727272726,Topik_69
2017,70,13,1320,0.009848484848484848,Topik_70
2017,71,3,1320,0.0022727272727272726,Topik_71
2017,72,3,1320,0.0022727272727272726,Topik_72
2017,73,6,1320,0.004545454545454545,Topik_73
2017,74,3,1320,0.0022727272727272726,Topik_74
2017,75,4,1320,0.0030303030303030303,Topik_75
2017,76,8,1320,0.006060606060606061,Topik_76
2017,77,9,1320,0.006818181818181818,Topik_77
2017,78,7,1320,0.005303030303030303,Topik_78
2017,79,5,1320,0.003787878787878788,Topik_79
2017,80,11,1320,0.008333333333333333,Topik_80
2017,81,4,1320,0.0030303030303030303,Topik_81
2017,82,7,1320,0.005303030303030303,Topik_82
2017,83,2,1320,0.0015151515151515152,Topik_83
2017,85,11,1320,0.008333333333333333,Topik_85
2017,86,2,1320,0.0015151515151515152,Topik_86
2017,87,4,1320,0.0030303030303030303,Topik_87
2017,88,8,1320,0.006060606060606061,Topik_88
2017,89,2,1320,0.0015151515151515152,Topik_89
2017,90,6,1320,0.004545454545454545,Topik_90
2017,91,2,1320,0.0015151515151515152,Topik_91
2017,92,2,1320,0.0015151515151515152,Topik_92
2017,93,7,1320,0.005303030303030303,Topik_93
2017,94,3,1320,0.0022727272727272726,Topik_94
2017,95,1,1320,0.0007575757575757576,Topik_95
2017,96,5,1320,0.003787878787878788,Topik_96
2017,97,2,1320,0.0015151515151515152,Topik_97
2017,98,9,1320,0.006818181818181818,Topik_98
2017,99,12,1320,0.00909090909090909,Topik_99
2017,100,9,1320,0.006818181818181818,Topik_100
2017,101,2,1320,0.0015151515151515152,Topik_101
2017,102,2,1320,0.0015151515151515152,Topik_102
2017,103,3,1320,0.0022727272727272726,Topik_103
2017,104,6,1320,0.004545454545454545,Topik_104
2017,105,13,1320,0.009848484848484848,Topik_105
2018,0,76,1120,0.06785714285714285,Topik_0
2018,1,55,1120,0.049107142857142856,Topik_1
2018,2,68,1120,0.060714285714285714,Topik_2
2018,3,33,1120,0.029464285714285714,Topik_3
2018,4,21,1120,0.01875,Topik_4
2018,5,29,1120,0.025892857142857145,Topik_5
2018,6,22,1120,0.019642857142857142,Topik_6
2018,7,19,1120,0.016964285714285713,Topik_7
2018,8,8,1120,0.007142857142857143,Topik_8
2018,9,27,1120,0.024107142857142858,Topik_9
2018,10,11,1120,0.009821428571428571,Topik_10
2018,11,20,1120,0.017857142857142856,Topik_11
2018,12,22,1120,0.019642857142857142,Topik_12
2018,13,11,1120,0.009821428571428571,Topik_13
2018,14,26,1120,0.023214285714285715,Topik_14
2018,15,17,1120,0.015178571428571428,Topik_15
2018,16,14,1120,0.0125,Topik_16
2018,17,13,1120,0.011607142857142858,Topik_17
2018,18,6,1120,0.005357142857142857,Topik_18
2018,19,13,1120,0.011607142857142858,Topik_19
2018,20,15,1120,0.013392857142857142,Topik_20
2018,21,19,1120,0.016964285714285713,Topik_21
2018,22,1,1120,0.0008928571428571428,Topik_22
2018,24,2,1120,0.0017857142857142857,Topik_24
2018,25,6,1120,0.005357142857142857,Topik_25
2018,26,7,1120,0.00625,Topik_26
2018,27,19,1120,0.016964285714285713,Topik_27
2018,28,2,1120,0.0017857142857142857,Topik_28
2018,29,8,1120,0.007142857142857143,Topik_29
2018,30,8,1120,0.007142857142857143,Topik_30
2018,31,6,1120,0.005357142857142857,Topik_31
2018,32,9,1120,0.008035714285714285,Topik_32
2018,33,14,1120,0.0125,Topik_33
2018,34,25,1120,0.022321428571428572,Topik_34
2018,35,6,1120,0.005357142857142857,Topik_35
2018,36,24,1120,0.02142857142857143,Topik_36
2018,37,5,1120,0.004464285714285714,Topik_37
2018,38,15,1120,0.013392857142857142,Topik_38
2018,39,8,1120,0.007142857142857143,Topik_39
2018,40,29,1120,0.025892857142857145,Topik_40
2018,41,9,1120,0.008035714285714285,Topik_41
2018,42,13,1120,0.011607142857142858,Topik_42
2018,43,15,1120,0.013392857142857142,Topik_43
2018,44,3,1120,0.0026785714285714286,Topik_44
2018,45,2,1120,0.0017857142857142857,Topik_45
2018,46,9,1120,0.008035714285714285,Topik_46
2018,47,10,1120,0.008928571428571428,Topik_47
2018,48,6,1120,0.005357142857142857,Topik_48
2018,49,17,1120,0.015178571428571428,Topik_49
2018,50,5,1120,0.004464285714285714,Topik_50
2018,51,6,1120,0.005357142857142857,Topik_51
2018,52,5,1120,0.004464285714285714,Topik_52
2018,53,4,1120,0.0035714285714285713,Topik_53
2018,54,9,1120,0.008035714285714285,Topik_54
2018,55,6,1120,0.005357142857142857,Topik_55
2018,56,5,1120,0.004464285714285714,Topik_56
2018,57,11,1120,0.009821428571428571,Topik_57
2018,58,5,1120,0.004464285714285714,Topik_58
2018,59,9,1120,0.008035714285714285,Topik_59
2018,60,6,1120,0.005357142857142857,Topik_60
2018,61,3,1120,0.0026785714285714286,Topik_61
2018,62,3,1120,0.0026785714285714286,Topik_62
2018,63,18,1120,0.01607142857142857,Topik_63
2018,64,7,1120,0.00625,Topik_64
2018,65,9,1120,0.008035714285714285,Topik_65
2018,66,10,1120,0.008928571428571428,Topik_66
2018,67,5,1120,0.004464285714285714,Topik_67
2018,68,16,1120,0.014285714285714285,Topik_68
2018,69,2,1120,0.0017857142857142857,Topik_69
2018,70,8,1120,0.007142857142857143,Topik_70
2018,71,3,1120,0.0026785714285714286,Topik_71
2018,72,6,1120,0.005357142857142857,Topik_72
2018,73,4,1120,0.0035714285714285713,Topik_73
2018,75,1,1120,0.0008928571428571428,Topik_75
2018,76,9,1120,0.008035714285714285,Topik_76
2018,77,16,1120,0.014285714285714285,Topik_77
2018,78,4,1120,0.0035714285714285713,Topik_78
2018,79,4,1120,0.0035714285714285713,Topik_79
2018,80,7,1120,0.00625,Topik_80
2018,81,6,1120,0.005357142857142857,Topik_81
2018,82,2,1120,0.0017857142857142857,Topik_82
2018,83,1,1120,0.0008928571428571428,Topik_83
2018,84,2,1120,0.0017857142857142857,Topik_84
2018,85,9,1120,0.008035714285714285,Topik_85
2018,86,2,1120,0.0017857142857142857,Topik_86
2018,87,8,1120,0.007142857142857143,Topik_87
2018,88,3,1120,0.0026785714285714286,Topik_88
2018,89,3,1120,0.0026785714285714286,Topik_89
2018,90,2,1120,0.0017857142857142857,Topik_90
2018,91,8,1120,0.007142857142857143,Topik_91
2018,92,6,1120,0.005357142857142857,Topik_92
2018,93,4,1120,0.0035714285714285713,Topik_93
2018,94,3,1120,0.0026785714285714286,Topik_94
2018,95,3,1120,0.0026785714285714286,Topik_95
2018,96,2,1120,0.0017857142857142857,Topik_96
2018,97,3,1120,0.0026785714285714286,Topik_97
2018,98,6,1120,0.005357142857142857,Topik_98
2018,99,5,1120,0.004464285714285714,Topik_99
2018,100,5,1120,0.004464285714285714,Topik_100
2018,102,5,1120,0.004464285714285714,Topik_102
2018,103,1,1120,0.0008928571428571428,Topik_103
2018,104,2,1120,0.0017857142857142857,Topik_104
2019,0,108,971,0.11122554067971163,Topik_0
2019,1,36,971,0.037075180226570546,Topik_1
2019,2,59,971,0.0607621009268795,Topik_2
2019,3,59,971,0.0607621009268795,Topik_3
2019,4,21,971,0.021627188465499485,Topik_4
2019,5,29,971,0.029866117404737384,Topik_5
2019,6,9,971,0.009268795056642637,Topik_6
2019,7,23,971,0.02368692070030896,Topik_7
2019,8,14,971,0.014418125643666324,Topik_8
2019,9,19,971,0.01956745623069001,Topik_9
2019,10,17,971,0.017507723995880537,Topik_10
2019,11,14,971,0.014418125643666324,Topik_11
2019,12,12,971,0.012358393408856848,Topik_12
2019,13,30,971,0.030895983522142123,Topik_13
2019,14,10,971,0.010298661174047374,Topik_14
2019,15,11,971,0.01132852729145211,Topik_15
2019,16,11,971,0.01132852729145211,Topik_16
2019,17,14,971,0.014418125643666324,Topik_17
2019,18,11,971,0.01132852729145211,Topik_18
2019,19,13,971,0.013388259526261586,Topik_19
2019,20,12,971,0.012358393408856848,Topik_20
2019,21,17,971,0.017507723995880537,Topik_21
2019,22,1,971,0.0010298661174047373,Topik_22
2019,24,7,971,0.007209062821833162,Topik_24
2019,25,17,971,0.017507723995880537,Topik_25
2019,26,6,971,0.006179196704428424,Topik_26
2019,27,11,971,0.01132852729145211,Topik_27
2019,28,8,971,0.008238928939237899,Topik_28
2019,29,3,971,0.003089598352214212,Topik_29
2019,30,11,971,0.01132852729145211,Topik_30
2019,31,7,971,0.007209062821833162,Topik_31
2019,32,5,971,0.005149330587023687,Topik_32
2019,33,10,971,0.010298661174047374,Topik_33
2019,34,6,971,0.006179196704428424,Topik_34
2019,35,9,971,0.009268795056642637,Topik_35
2019,36,10,971,0.010298661174047374,Topik_36
2019,37,7,971,0.007209062821833162,Topik_37
2019,38,9,971,0.009268795056642637,Topik_38
2019,39,6,971,0.006179196704428424,Topik_39
2019,40,8,971,0.008238928939237899,Topik_40
2019,41,6,971,0.006179196704428424,Topik_41
2019,42,4,971,0.004119464469618949,Topik_42
2019,43,5,971,0.005149330587023687,Topik_43
2019,44,7,971,0.007209062821833162,Topik_44
2019,45,3,971,0.003089598352214212,Topik_45
2019,46,4,971,0.004119464469618949,Topik_46
2019,47,5,971,0.005149330587023687,Topik_47
2019,48,5,971,0.005149330587023687,Topik_48
2019,49,5,971,0.005149330587023687,Topik_49
2019,50,4,971,0.004119464469618949,Topik_50
2019,51,10,971,0.010298661174047374,Topik_51
2019,52,5,971,0.005149330587023687,Topik_52
2019,53,6,971,0.006179196704428424,Topik_53
2019,54,2,971,0.0020597322348094747,Topik_54
2019,55,8,971,0.008238928939237899,Topik_55
2019,56,7,971,0.007209062821833162,Topik_56
2019,57,7,971,0.007209062821833162,Topik_57
2019,58,8,971,0.008238928939237899,Topik_58
2019,59,14,971,0.014418125643666324,Topik_59
2019,60,7,971,0.007209062821833162,Topik_60
2019,61,3,971,0.003089598352214212,Topik_61
2019,62,4,971,0.004119464469618949,Topik_62
2019,63,10,971,0.010298661174047374,Topik_63
2019,64,3,971,0.003089598352214212,Topik_64
2019,65,3,971,0.003089598352214212,Topik_65
2019,66,3,971,0.003089598352214212,Topik_66
2019,69,3,971,0.003089598352214212,Topik_69
2019,70,6,971,0.006179196704428424,Topik_70
2019,71,4,971,0.004119464469618949,Topik_71
2019,72,7,971,0.007209062821833162,Topik_72
2019,73,4,971,0.004119464469618949,Topik_73
2019,75,5,971,0.005149330587023687,Topik_75
2019,76,7,971,0.007209062821833162,Topik_76
2019,77,2,971,0.0020597322348094747,Topik_77
2019,78,4,971,0.004119464469618949,Topik_78
2019,79,5,971,0.005149330587023687,Topik_79
2019,80,4,971,0.004119464469618949,Topik_80
2019,81,2,971,0.0020597322348094747,Topik_81
2019,82,2,971,0.0020597322348094747,Topik_82
2019,83,3,971,0.003089598352214212,Topik_83
2019,84,1,971,0.0010298661174047373,Topik_84
2019,85,3,971,0.003089598352214212,Topik_85
2019,86,4,971,0.004119464469618949,Topik_86
2019,87,2,971,0.0020597322348094747,Topik_87
2019,88,3,971,0.003089598352214212,Topik_88
2019,89,7,971,0.007209062821833162,Topik_89
2019,90,4,971,0.004119464469618949,Topik_90
2019,91,4,971,0.004119464469618949,Topik_91
2019,92,17,971,0.017507723995880537,Topik_92
2019,93,2,971,0.0020597322348094747,Topik_93
2019,94,4,971,0.004119464469618949,Topik_94
2019,95,6,971,0.006179196704428424,Topik_95
2019,96,6,971,0.006179196704428424,Topik_96
2019,97,2,971,0.0020597322348094747,Topik_97
2019,98,2,971,0.0020597322348094747,Topik_98
2019,100,1,971,0.0010298661174047373,Topik_100
2019,102,1,971,0.0010298661174047373,Topik_102
2019,103,4,971,0.004119464469618949,Topik_103
2019,104,2,971,0.0020597322348094747,Topik_104
2020,0,76,870,0.08735632183908046,Topik_0
2020,1,29,870,0.03333333333333333,Topik_1
2020,2,33,870,0.03793103448275862,Topik_2
2020,3,58,870,0.06666666666666667,Topik_3
2020,4,22,870,0.02528735632183908,Topik_4
2020,5,23,870,0.026436781609195402,Topik_5
2020,6,7,870,0.008045977011494253,Topik_6
2020,7,13,870,0.014942528735632184,Topik_7
2020,8,13,870,0.014942528735632184,Topik_8
2020,9,20,870,0.022988505747126436,Topik_9
2020,10,15,870,0.017241379310344827,Topik_10
2020,11,19,870,0.021839080459770115,Topik_11
2020,12,24,870,0.027586206896551724,Topik_12
2020,13,10,870,0.011494252873563218,Topik_13
2020,14,10,870,0.011494252873563218,Topik_14
2020,15,16,870,0.01839080459770115,Topik_15
2020,16,11,870,0.01264367816091954,Topik_16
2020,17,13,870,0.014942528735632184,Topik_17
2020,18,14,870,0.016091954022988506,Topik_18
2020,19,12,870,0.013793103448275862,Topik_19
2020,20,8,870,0.009195402298850575,Topik_20
2020,21,11,870,0.01264367816091954,Topik_21
2020,22,2,870,0.0022988505747126436,Topik_22
2020,23,3,870,0.0034482758620689655,Topik_23
2020,24,13,870,0.014942528735632184,Topik_24
2020,25,8,870,0.009195402298850575,Topik_25
2020,26,5,870,0.005747126436781609,Topik_26
2020,27,28,870,0.03218390804597701,Topik_27
2020,28,3,870,0.0034482758620689655,Topik_28
2020,29,7,870,0.008045977011494253,Topik_29
2020,30,11,870,0.01264367816091954,Topik_30
2020,31,4,870,0.004597701149425287,Topik_31
2020,32,7,870,0.008045977011494253,Topik_32
2020,33,5,870,0.005747126436781609,Topik_33
2020,34,6,870,0.006896551724137931,Topik_34
2020,35,8,870,0.009195402298850575,Topik_35
2020,36,12,870,0.013793103448275862,Topik_36
2020,37,8,870,0.009195402298850575,Topik_37
2020,38,3,870,0.0034482758620689655,Topik_38
2020,39,10,870,0.011494252873563218,Topik_39
2020,40,8,870,0.009195402298850575,Topik_40
2020,41,3,870,0.0034482758620689655,Topik_41
2020,42,4,870,0.004597701149425287,Topik_42
2020,43,9,870,0.010344827586206896,Topik_43
2020,44,3,870,0.0034482758620689655,Topik_44
2020,45,12,870,0.013793103448275862,Topik_45
2020,46,7,870,0.008045977011494253,Topik_46
2020,47,10,870,0.011494252873563218,Topik_47
2020,48,1,870,0.0011494252873563218,Topik_48
2020,49,9,870,0.010344827586206896,Topik_49
2020,50,6,870,0.006896551724137931,Topik_50
2020,51,4,870,0.004597701149425287,Topik_51
2020,52,3,870,0.0034482758620689655,Topik_52
2020,53,5,870,0.005747126436781609,Topik_53
2020,54,6,870,0.006896551724137931,Topik_54
2020,55,5,870,0.005747126436781609,Topik_55
2020,56,3,870,0.0034482758620689655,Topik_56
2020,57,7,870,0.008045977011494253,Topik_57
2020,58,2,870,0.0022988505747126436,Topik_58
2020,59,9,870,0.010344827586206896,Topik_59
2020,60,6,870,0.006896551724137931,Topik_60
2020,61,8,870,0.009195402298850575,Topik_61
2020,62,1,870,0.0011494252873563218,Topik_62
2020,63,3,870,0.0034482758620689655,Topik_63
2020,64,3,870,0.0034482758620689655,Topik_64
2020,65,4,870,0.004597701149425287,Topik_65
2020,66,1,870,0.0011494252873563218,Topik_66
2020,67,2,870,0.0022988505747126436,Topik_67
2020,68,4,870,0.004597701149425287,Topik_68
2020,69,5,870,0.005747126436781609,Topik_69
2020,71,5,870,0.005747126436781609,Topik_71
2020,72,4,870,0.004597701149425287,Topik_72
2020,73,4,870,0.004597701149425287,Topik_73
2020,74,5,870,0.005747126436781609,Topik_74
2020,75,4,870,0.004597701149425287,Topik_75
2020,76,5,870,0.005747126436781609,Topik_76
2020,77,4,870,0.004597701149425287,Topik_77
2020,78,4,870,0.004597701149425287,Topik_78
2020,79,1,870,0.0011494252873563218,Topik_79
2020,80,2,870,0.0022988505747126436,Topik_80
2020,81,2,870,0.0022988505747126436,Topik_81
2020,82,3,870,0.0034482758620689655,Topik_82
2020,83,4,870,0.004597701149425287,Topik_83
2020,84,8,870,0.009195402298850575,Topik_84
2020,85,3,870,0.0034482758620689655,Topik_85
2020,86,6,870,0.006896551724137931,Topik_86
2020,87,7,870,0.008045977011494253,Topik_87
2020,88,1,870,0.0011494252873563218,Topik_88
2020,89,2,870,0.0022988505747126436,Topik_89
2020,90,2,870,0.0022988505747126436,Topik_90
2020,91,8,870,0.009195402298850575,Topik_91
2020,92,4,870,0.004597701149425287,Topik_92
2020,93,2,870,0.0022988505747126436,Topik_93
2020,94,1,870,0.0011494252873563218,Topik_94
2020,95,6,870,0.006896551724137931,Topik_95
2020,96,1,870,0.0011494252873563218,Topik_96
2020,97,3,870,0.0034482758620689655,Topik_97
2020,98,1,870,0.0011494252873563218,Topik_98
2020,99,4,870,0.004597701149425287,Topik_99
2020,100,2,870,0.0022988505747126436,Topik_100
2020,101,7,870,0.008045977011494253,Topik_101
2020,103,1,870,0.0011494252873563218,Topik_103
2020,104,1,870,0.0011494252873563218,Topik_104
2021,0,86,762,0.11286089238845144,Topik_0
2021,1,34,762,0.04461942257217848,Topik_1
2021,2,37,762,0.048556430446194225,Topik_2
2021,3,30,762,0.03937007874015748,Topik_3
2021,4,33,762,0.04330708661417323,Topik_4
2021,5,25,762,0.03280839895013123,Topik_5
2021,6,8,762,0.010498687664041995,Topik_6
2021,7,17,762,0.02230971128608924,Topik_7
2021,8,10,762,0.013123359580052493,Topik_8
2021,9,13,762,0.01706036745406824,Topik_9
2021,10,11,762,0.014435695538057743,Topik_10
2021,11,15,762,0.01968503937007874,Topik_11
2021,12,9,762,0.011811023622047244,Topik_12
2021,13,9,762,0.011811023622047244,Topik_13
2021,14,6,762,0.007874015748031496,Topik_14
2021,15,13,762,0.01706036745406824,Topik_15
2021,16,10,762,0.013123359580052493,Topik_16
2021,17,19,762,0.024934383202099737,Topik_17
2021,18,12,762,0.015748031496062992,Topik_18
2021,19,9,762,0.011811023622047244,Topik_19
2021,20,9,762,0.011811023622047244,Topik_20
2021,21,10,762,0.013123359580052493,Topik_21
2021,23,50,762,0.06561679790026247,Topik_23
2021,24,6,762,0.007874015748031496,Topik_24
2021,25,1,762,0.0013123359580052493,Topik_25
2021,26,7,762,0.009186351706036745,Topik_26
2021,27,5,762,0.006561679790026247,Topik_27
2021,28,5,762,0.006561679790026247,Topik_28
2021,29,4,762,0.005249343832020997,Topik_29
2021,30,14,762,0.01837270341207349,Topik_30
2021,31,3,762,0.003937007874015748,Topik_31
2021,33,3,762,0.003937007874015748,Topik_33
2021,34,3,762,0.003937007874015748,Topik_34
2021,35,2,762,0.0026246719160104987,Topik_35
2021,36,3,762,0.003937007874015748,Topik_36
2021,37,4,762,0.005249343832020997,Topik_37
2021,38,3,762,0.003937007874015748,Topik_38
2021,39,2,762,0.0026246719160104987,Topik_39
2021,40,4,762,0.005249343832020997,Topik_40
2021,41,3,762,0.003937007874015748,Topik_41
2021,43,11,762,0.014435695538057743,Topik_43
2021,44,3,762,0.003937007874015748,Topik_44
2021,45,3,762,0.003937007874015748,Topik_45
2021,46,6,762,0.007874015748031496,Topik_46
2021,47,2,762,0.0026246719160104987,Topik_47
2021,48,8,762,0.010498687664041995,Topik_48
2021,49,4,762,0.005249343832020997,Topik_49
2021,50,8,762,0.010498687664041995,Topik_50
2021,51,3,762,0.003937007874015748,Topik_51
2021,52,3,762,0.003937007874015748,Topik_52
2021,53,8,762,0.010498687664041995,Topik_53
2021,54,7,762,0.009186351706036745,Topik_54
2021,55,4,762,0.005249343832020997,Topik_55
2021,56,3,762,0.003937007874015748,Topik_56
2021,57,3,762,0.003937007874015748,Topik_57
2021,58,4,762,0.005249343832020997,Topik_58
2021,59,3,762,0.003937007874015748,Topik_59
2021,60,3,762,0.003937007874015748,Topik_60
2021,61,8,762,0.010498687664041995,Topik_61
2021,62,4,762,0.005249343832020997,Topik_62
2021,63,2,762,0.0026246719160104987,Topik_63
2021,64,10,762,0.013123359580052493,Topik_64
2021,65,2,762,0.0026246719160104987,Topik_65
2021,66,4,762,0.005249343832020997,Topik_66
2021,67,1,762,0.0013123359580052493,Topik_67
2021,68,3,762,0.003937007874015748,Topik_68
2021,69,8,762,0.010498687664041995,Topik_69
2021,71,4,762,0.005249343832020997,Topik_71
2021,72,2,762,0.0026246719160104987,Topik_72
2021,74,3,762,0.003937007874015748,Topik_74
2021,76,2,762,0.0026246719160104987,Topik_76
2021,77,1,762,0.0013123359580052493,Topik_77
2021,78,4,762,0.005249343832020997,Topik_78
2021,79,4,762,0.005249343832020997,Topik_79
2021,80,2,762,0.0026246719160104987,Topik_80
2021,82,4,762,0.005249343832020997,Topik_82
2021,83,5,762,0.006561679790026247,Topik_83
2021,84,6,762,0.007874015748031496,Topik_84
2021,85,2,762,0.0026246719160104987,Topik_85
2021,86,2,762,0.0026246719160104987,Topik_86
2021,87,6,762,0.007874015748031496,Topik_87
2021,88,5,762,0.006561679790026247,Topik_88
2021,90,2,762,0.0026246719160104987,Topik_90
2021,92,1,762,0.0013123359580052493,Topik_92
2021,93,2,762,0.0026246719160104987,Topik_93
2021,94,3,762,0.003937007874015748,Topik_94
2021,95,2,762,0.0026246719160104987,Topik_95
2021,96,5,762,0.006561679790026247,Topik_96
2021,97,3,762,0.003937007874015748,Topik_97
2021,100,2,762,0.0026246719160104987,Topik_100
2021,101,10,762,0.013123359580052493,Topik_101
2021,102,1,762,0.0013123359580052493,Topik_102
2021,103,4,762,0.005249343832020997,Topik_103
2022,0,76,487,0.15605749486652978,Topik_0
2022,1,21,487,0.043121149897330596,Topik_1
2022,2,19,487,0.039014373716632446,Topik_2
2022,3,17,487,0.03490759753593429,Topik_3
2022,4,28,487,0.057494866529774126,Topik_4
2022,5,13,487,0.026694045174537988,Topik_5
2022,7,14,487,0.028747433264887063,Topik_7
2022,8,10,487,0.02053388090349076,Topik_8
2022,9,5,487,0.01026694045174538,Topik_9
2022,10,3,487,0.006160164271047228,Topik_10
2022,11,3,487,0.006160164271047228,Topik_11
2022,12,2,487,0.004106776180698152,Topik_12
2022,13,4,487,0.008213552361396304,Topik_13
2022,14,4,487,0.008213552361396304,Topik_14
2022,15,3,487,0.006160164271047228,Topik_15
2022,16,3,487,0.006160164271047228,Topik_16
2022,17,7,487,0.014373716632443531,Topik_17
2022,18,10,487,0.02053388090349076,Topik_18
2022,19,5,487,0.01026694045174538,Topik_19
2022,20,5,487,0.01026694045174538,Topik_20
2022,21,7,487,0.014373716632443531,Topik_21
2022,23,32,487,0.06570841889117043,Topik_23
2022,24,4,487,0.008213552361396304,Topik_24
2022,25,4,487,0.008213552361396304,Topik_25
2022,26,6,487,0.012320328542094456,Topik_26
2022,28,4,487,0.008213552361396304,Topik_28
2022,29,4,487,0.008213552361396304,Topik_29
2022,30,6,487,0.012320328542094456,Topik_30
2022,31,1,487,0.002053388090349076,Topik_31
2022,32,6,487,0.012320328542094456,Topik_32
2022,33,5,487,0.01026694045174538,Topik_33
2022,34,1,487,0.002053388090349076,Topik_34
2022,35,3,487,0.006160164271047228,Topik_35
2022,37,7,487,0.014373716632443531,Topik_37
2022,38,3,487,0.006160164271047228,Topik_38
2022,39,4,487,0.008213552361396304,Topik_39
2022,40,2,487,0.004106776180698152,Topik_40
2022,42,3,487,0.006160164271047228,Topik_42
2022,43,1,487,0.002053388090349076,Topik_43
2022,44,1,487,0.002053388090349076,Topik_44
2022,45,4,487,0.008213552361396304,Topik_45
2022,46,3,487,0.006160164271047228,Topik_46
2022,47,6,487,0.012320328542094456,Topik_47
2022,50,7,487,0.014373716632443531,Topik_50
2022,51,4,487,0.008213552361396304,Topik_51
2022,52,1,487,0.002053388090349076,Topik_52
2022,54,2,487,0.004106776180698152,Topik_54
2022,55,5,487,0.01026694045174538,Topik_55
2022,56,3,487,0.006160164271047228,Topik_56
2022,57,1,487,0.002053388090349076,Topik_57
2022,58,2,487,0.004106776180698152,Topik_58
2022,59,3,487,0.006160164271047228,Topik_59
2022,60,1,487,0.002053388090349076,Topik_60
2022,61,3,487,0.006160164271047228,Topik_61
2022,62,4,487,0.008213552361396304,Topik_62
2022,64,1,487,0.002053388090349076,Topik_64
2022,65,2,487,0.004106776180698152,Topik_65
2022,66,1,487,0.002053388090349076,Topik_66
2022,67,1,487,0.002053388090349076,Topik_67
2022,69,4,487,0.008213552361396304,Topik_69
2022,70,2,487,0.004106776180698152,Topik_70
2022,71,1,487,0.002053388090349076,Topik_71
2022,72,2,487,0.004106776180698152,Topik_72
2022,73,1,487,0.002053388090349076,Topik_73
2022,74,1,487,0.002053388090349076,Topik_74
2022,75,6,487,0.012320328542094456,Topik_75
2022,76,1,487,0.002053388090349076,Topik_76
2022,77,2,487,0.004106776180698152,Topik_77
2022,78,2,487,0.004106776180698152,Topik_78
2022,79,2,487,0.004106776180698152,Topik_79
2022,81,2,487,0.004106776180698152,Topik_81
2022,82,6,487,0.012320328542094456,Topik_82
2022,83,3,487,0.006160164271047228,Topik_83
2022,84,2,487,0.004106776180698152,Topik_84
2022,85,3,487,0.006160164271047228,Topik_85
2022,86,3,487,0.006160164271047228,Topik_86
2022,87,2,487,0.004106776180698152,Topik_87
2022,88,2,487,0.004106776180698152,Topik_88
2022,89,5,487,0.01026694045174538,Topik_89
2022,90,1,487,0.002053388090349076,Topik_90
2022,91,1,487,0.002053388090349076,Topik_91
2022,92,1,487,0.002053388090349076,Topik_92
2022,94,1,487,0.002053388090349076,Topik_94
2022,95,4,487,0.008213552361396304,Topik_95
2022,96,2,487,0.004106776180698152,Topik_96
2022,97,2,487,0.004106776180698152,Topik_97
2022,98,1,487,0.002053388090349076,Topik_98
2022,99,1,487,0.002053388090349076,Topik_99
2022,100,1,487,0.002053388090349076,Topik_100
2022,101,3,487,0.006160164271047228,Topik_101
2022,103,2,487,0.004106776180698152,Topik_103
2022,104,2,487,0.004106776180698152,Topik_104
2022,105,3,487,0.006160164271047228,Topik_105
2023,0,102,691,0.1476121562952243,Topik_0
2023,1,31,691,0.04486251808972504,Topik_1
2023,2,29,691,0.041968162083936326,Topik_2
2023,3,20,691,0.02894356005788712,Topik_3
2023,4,50,691,0.0723589001447178,Topik_4
2023,5,11,691,0.015918958031837915,Topik_5
2023,6,8,691,0.011577424023154847,Topik_6
2023,7,15,691,0.02170767004341534,Topik_7
2023,8,12,691,0.017366136034732273,Topik_8
2023,9,7,691,0.010130246020260492,Topik_9
2023,10,9,691,0.013024602026049204,Topik_10
2023,11,7,691,0.010130246020260492,Topik_11
2023,12,8,691,0.011577424023154847,Topik_12
2023,13,6,691,0.008683068017366137,Topik_13
2023,14,2,691,0.002894356005788712,Topik_14
2023,15,19,691,0.027496382054992764,Topik_15
2023,16,6,691,0.008683068017366137,Topik_16
2023,17,11,691,0.015918958031837915,Topik_17
2023,18,12,691,0.017366136034732273,Topik_18
2023,19,9,691,0.013024602026049204,Topik_19
2023,20,9,691,0.013024602026049204,Topik_20
2023,21,9,691,0.013024602026049204,Topik_21
2023,23,19,691,0.027496382054992764,Topik_23
2023,24,18,691,0.02604920405209841,Topik_24
2023,25,19,691,0.027496382054992764,Topik_25
2023,26,2,691,0.002894356005788712,Topik_26
2023,28,6,691,0.008683068017366137,Topik_28
2023,29,14,691,0.020260492040520984,Topik_29
2023,30,9,691,0.013024602026049204,Topik_30
2023,31,2,691,0.002894356005788712,Topik_31
2023,32,1,691,0.001447178002894356,Topik_32
2023,33,3,691,0.004341534008683068,Topik_33
2023,34,2,691,0.002894356005788712,Topik_34
2023,35,8,691,0.011577424023154847,Topik_35
2023,36,1,691,0.001447178002894356,Topik_36
2023,37,15,691,0.02170767004341534,Topik_37
2023,38,4,691,0.005788712011577424,Topik_38
2023,39,7,691,0.010130246020260492,Topik_39
2023,41,1,691,0.001447178002894356,Topik_41
2023,42,4,691,0.005788712011577424,Topik_42
2023,43,3,691,0.004341534008683068,Topik_43
2023,44,3,691,0.004341534008683068,Topik_44
2023,45,8,691,0.011577424023154847,Topik_45
2023,46,3,691,0.004341534008683068,Topik_46
2023,47,4,691,0.005788712011577424,Topik_47
2023,48,1,691,0.001447178002894356,Topik_48
2023,49,1,691,0.001447178002894356,Topik_49
2023,50,3,691,0.004341534008683068,Topik_50
2023,51,6,691,0.008683068017366137,Topik_51
2023,52,3,691,0.004341534008683068,Topik_52
2023,53,4,691,0.005788712011577424,Topik_53
2023,54,4,691,0.005788712011577424,Topik_54
2023,55,4,691,0.005788712011577424,Topik_55
2023,56,4,691,0.005788712011577424,Topik_56
2023,58,3,691,0.004341534008683068,Topik_58
2023,59,2,691,0.002894356005788712,Topik_59
2023,60,2,691,0.002894356005788712,Topik_60
2023,61,3,691,0.004341534008683068,Topik_61
2023,63,1,691,0.001447178002894356,Topik_63
2023,64,1,691,0.001447178002894356,Topik_64
2023,65,3,691,0.004341534008683068,Topik_65
2023,66,8,691,0.011577424023154847,Topik_66
2023,68,2,691,0.002894356005788712,Topik_68
2023,69,4,691,0.005788712011577424,Topik_69
2023,70,3,691,0.004341534008683068,Topik_70
2023,71,7,691,0.010130246020260492,Topik_71
2023,72,5,691,0.00723589001447178,Topik_72
2023,73,1,691,0.001447178002894356,Topik_73
2023,74,6,691,0.008683068017366137,Topik_74
2023,75,2,691,0.002894356005788712,Topik_75
2023,78,1,691,0.001447178002894356,Topik_78
2023,79,3,691,0.004341534008683068,Topik_79
2023,80,1,691,0.001447178002894356,Topik_80
2023,82,4,691,0.005788712011577424,Topik_82
2023,83,4,691,0.005788712011577424,Topik_83
2023,84,6,691,0.008683068017366137,Topik_84
2023,85,3,691,0.004341534008683068,Topik_85
2023,86,5,691,0.00723589001447178,Topik_86
2023,87,3,691,0.004341534008683068,Topik_87
2023,88,1,691,0.001447178002894356,Topik_88
2023,89,3,691,0.004341534008683068,Topik_89
2023,91,1,691,0.001447178002894356,Topik_91
2023,93,3,691,0.004341534008683068,Topik_93
2023,94,5,691,0.00723589001447178,Topik_94
2023,95,1,691,0.001447178002894356,Topik_95
2023,96,1,691,0.001447178002894356,Topik_96
2023,97,5,691,0.00723589001447178,Topik_97
2023,102,5,691,0.00723589001447178,Topik_102
2023,103,4,691,0.005788712011577424,Topik_103
2023,104,1,691,0.001447178002894356,Topik_104
2024,0,85,850,0.1,Topik_0
2024,1,42,850,0.04941176470588235,Topik_1
2024,2,25,850,0.029411764705882353,Topik_2
2024,3,17,850,0.02,Topik_3
2024,4,71,850,0.08352941176470588,Topik_4
2024,5,31,850,0.036470588235294116,Topik_5
2024,6,4,850,0.004705882352941176,Topik_6
2024,7,15,850,0.01764705882352941,Topik_7
2024,8,17,850,0.02,Topik_8
2024,9,5,850,0.0058823529411764705,Topik_9
2024,10,26,850,0.03058823529411765,Topik_10
2024,11,9,850,0.010588235294117647,Topik_11
2024,12,16,850,0.018823529411764704,Topik_12
2024,13,16,850,0.018823529411764704,Topik_13
2024,14,8,850,0.009411764705882352,Topik_14
2024,15,7,850,0.00823529411764706,Topik_15
2024,16,12,850,0.01411764705882353,Topik_16
2024,17,14,850,0.01647058823529412,Topik_17
2024,18,15,850,0.01764705882352941,Topik_18
2024,19,10,850,0.011764705882352941,Topik_19
2024,20,6,850,0.007058823529411765,Topik_20
2024,21,8,850,0.009411764705882352,Topik_21
2024,22,1,850,0.001176470588235294,Topik_22
2024,23,6,850,0.007058823529411765,Topik_23
2024,24,23,850,0.027058823529411764,Topik_24
2024,25,19,850,0.02235294117647059,Topik_25
2024,26,13,850,0.015294117647058824,Topik_26
2024,27,3,850,0.0035294117647058825,Topik_27
2024,28,10,850,0.011764705882352941,Topik_28
2024,29,3,850,0.0035294117647058825,Topik_29
2024,30,9,850,0.010588235294117647,Topik_30
2024,31,1,850,0.001176470588235294,Topik_31
2024,32,5,850,0.0058823529411764705,Topik_32
2024,33,11,850,0.012941176470588235,Topik_33
2024,34,1,850,0.001176470588235294,Topik_34
2024,35,4,850,0.004705882352941176,Topik_35
2024,36,8,850,0.009411764705882352,Topik_36
2024,37,3,850,0.0035294117647058825,Topik_37
2024,38,5,850,0.0058823529411764705,Topik_38
2024,39,3,850,0.0035294117647058825,Topik_39
2024,40,3,850,0.0035294117647058825,Topik_40
2024,41,2,850,0.002352941176470588,Topik_41
2024,42,7,850,0.00823529411764706,Topik_42
2024,43,1,850,0.001176470588235294,Topik_43
2024,44,6,850,0.007058823529411765,Topik_44
2024,45,13,850,0.015294117647058824,Topik_45
2024,46,1,850,0.001176470588235294,Topik_46
2024,47,3,850,0.0035294117647058825,Topik_47
2024,48,1,850,0.001176470588235294,Topik_48
2024,49,4,850,0.004705882352941176,Topik_49
2024,50,7,850,0.00823529411764706,Topik_50
2024,51,6,850,0.007058823529411765,Topik_51
2024,52,6,850,0.007058823529411765,Topik_52
2024,53,8,850,0.009411764705882352,Topik_53
2024,54,8,850,0.009411764705882352,Topik_54
2024,55,12,850,0.01411764705882353,Topik_55
2024,56,2,850,0.002352941176470588,Topik_56
2024,57,3,850,0.0035294117647058825,Topik_57
2024,58,3,850,0.0035294117647058825,Topik_58
2024,59,6,850,0.007058823529411765,Topik_59
2024,60,3,850,0.0035294117647058825,Topik_60
2024,61,9,850,0.010588235294117647,Topik_61
2024,62,16,850,0.018823529411764704,Topik_62
2024,64,8,850,0.009411764705882352,Topik_64
2024,65,3,850,0.0035294117647058825,Topik_65
2024,66,4,850,0.004705882352941176,Topik_66
2024,67,2,850,0.002352941176470588,Topik_67
2024,68,2,850,0.002352941176470588,Topik_68
2024,69,5,850,0.0058823529411764705,Topik_69
2024,70,1,850,0.001176470588235294,Topik_70
2024,71,7,850,0.00823529411764706,Topik_71
2024,72,10,850,0.011764705882352941,Topik_72
2024,73,5,850,0.0058823529411764705,Topik_73
2024,74,5,850,0.0058823529411764705,Topik_74
2024,75,4,850,0.004705882352941176,Topik_75
2024,76,3,850,0.0035294117647058825,Topik_76
2024,77,2,850,0.002352941176470588,Topik_77
2024,78,4,850,0.004705882352941176,Topik_78
2024,79,4,850,0.004705882352941176,Topik_79
2024,81,6,850,0.007058823529411765,Topik_81
2024,82,5,850,0.0058823529411764705,Topik_82
2024,83,8,850,0.009411764705882352,Topik_83
2024,84,8,850,0.009411764705882352,Topik_84
2024,85,1,850,0.001176470588235294,Topik_85
2024,86,3,850,0.0035294117647058825,Topik_86
2024,87,1,850,0.001176470588235294,Topik_87
2024,88,1,850,0.001176470588235294,Topik_88
2024,90,1,850,0.001176470588235294,Topik_90
2024,91,8,850,0.009411764705882352,Topik_91
2024,92,3,850,0.0035294117647058825,Topik_92
2024,93,1,850,0.001176470588235294,Topik_93
2024,94,2,850,0.002352941176470588,Topik_94
2024,95,3,850,0.0035294117647058825,Topik_95
2024,97,1,850,0.001176470588235294,Topik_97
2024,98,1,850,0.001176470588235294,Topik_98
2024,99,1,850,0.001176470588235294,Topik_99
2024,100,2,850,0.002352941176470588,Topik_100
2024,101,1,850,0.001176470588235294,Topik_101
2024,102,2,850,0.002352941176470588,Topik_102
2024,103,2,850,0.002352941176470588,Topik_103
2024,104,1,850,0.001176470588235294,Topik_104
2024,105,2,850,0.002352941176470588,Topik_105
2025,0,47,500,0.094,Topik_0
2025,1,36,500,0.072,Topik_1
2025,2,15,500,0.03,Topik_2
2025,3,15,500,0.03,Topik_3
2025,4,42,500,0.084,Topik_4
2025,5,17,500,0.034,Topik_5
2025,6,2,500,0.004,Topik_6
2025,7,12,500,0.024,Topik_7
2025,8,2,500,0.004,Topik_8
2025,9,5,500,0.01,Topik_9
2025,10,4,500,0.008,Topik_10
2025,11,7,500,0.014,Topik_11
2025,12,9,500,0.018,Topik_12
2025,13,14,500,0.028,Topik_13
2025,14,5,500,0.01,Topik_14
2025,15,5,500,0.01,Topik_15
2025,16,10,500,0.02,Topik_16
2025,17,6,500,0.012,Topik_17
2025,18,11,500,0.022,Topik_18
2025,19,10,500,0.02,Topik_19
2025,20,1,500,0.002,Topik_20
2025,21,6,500,0.012,Topik_21
2025,23,1,500,0.002,Topik_23
2025,24,15,500,0.03,Topik_24
2025,25,10,500,0.02,Topik_25
2025,26,4,500,0.008,Topik_26
2025,28,30,500,0.06,Topik_28
2025,29,5,500,0.01,Topik_29
2025,30,8,500,0.016,Topik_30
2025,32,4,500,0.008,Topik_32
2025,33,2,500,0.004,Topik_33
2025,35,5,500,0.01,Topik_35
2025,37,5,500,0.01,Topik_37
2025,39,1,500,0.002,Topik_39
2025,40,3,500,0.006,Topik_40
2025,42,4,500,0.008,Topik_42
2025,43,2,500,0.004,Topik_43
2025,44,3,500,0.006,Topik_44
2025,45,6,500,0.012,Topik_45
2025,46,2,500,0.004,Topik_46
2025,47,3,500,0.006,Topik_47
2025,48,3,500,0.006,Topik_48
2025,50,4,500,0.008,Topik_50
2025,51,1,500,0.002,Topik_51
2025,52,2,500,0.004,Topik_52
2025,53,1,500,0.002,Topik_53
2025,54,4,500,0.008,Topik_54
2025,55,3,500,0.006,Topik_55
2025,56,2,500,0.004,Topik_56
2025,57,1,500,0.002,Topik_57
2025,58,3,500,0.006,Topik_58
2025,60,1,500,0.002,Topik_60
2025,61,1,500,0.002,Topik_61
2025,62,6,500,0.012,Topik_62
2025,63,1,500,0.002,Topik_63
2025,64,2,500,0.004,Topik_64
2025,65,2,500,0.004,Topik_65
2025,68,2,500,0.004,Topik_68
2025,69,2,500,0.004,Topik_69
2025,70,1,500,0.002,Topik_70
2025,71,3,500,0.006,Topik_71
2025,74,2,500,0.004,Topik_74
2025,75,2,500,0.004,Topik_75
2025,76,3,500,0.006,Topik_76
2025,78,4,500,0.008,Topik_78
2025,79,3,500,0.006,Topik_79
2025,81,3,500,0.006,Topik_81
2025,82,5,500,0.01,Topik_82
2025,83,9,500,0.018,Topik_83
2025,84,6,500,0.012,Topik_84
2025,86,4,500,0.008,Topik_86
2025,87,1,500,0.002,Topik_87
2025,88,1,500,0.002,Topik_88
2025,89,3,500,0.006,Topik_89
2025,90,1,500,0.002,Topik_90
2025,92,1,500,0.002,Topik_92
2025,93,2,500,0.004,Topik_93
2025,94,1,500,0.002,Topik_94
2025,95,1,500,0.002,Topik_95
2025,97,3,500,0.006,Topik_97
2025,100,3,500,0.006,Topik_100
2025,103,2,500,0.004,Topik_103
2025,105,1,500,0.002,Topik_105
